run_name,method,dz,bits,latent_bits,policy,threshold,test_acc,test_precision,test_recall,test_f1,test_auc,test_apcer,test_bpcer,test_acer,test_tn,test_fp,test_fn,test_tp,device,batch_size,image_size,amp,latency_ms_mean,latency_ms_median,latency_ms_p95,latency_ms_std,latency_ms_per_image,throughput_fps,params,checkpoint_mb,raw_image_bits,compression_ratio
baseline_mbv3,MobileNetV3 baseline,-,-,,val_target_bpcer_0.020,0.163,0.9546374869733512,0.9905660377358492,0.9445044129786018,0.9669870093285806,0.9944696568103792,0.0554955870213981,0.0213321286954775,0.0384138578584378,19498,425,2622,44625,xpu,1,224,True,12.171657000653797,11.971150001045316,13.434300002700184,0.6739358181983744,12.171657000653797,82.15808249824042,927585,10.829527854919434,1204224,
aqb_z16_b8,AQB-FAS z16/b8,16,8,128.0,val_target_bpcer_0.020,0.0010691263391734,0.9658031859461068,0.99069909610934,0.960399602091138,0.9753140818278542,0.9961235644100912,0.0396003979088619,0.0213823219394669,0.0304913599241644,19497,426,1871,45376,xpu,1,224,True,14.022726000112016,13.372049997997236,16.567400001804344,2.150465236874298,14.022726000112016,71.31281036169514,1084388,12.644543647766112,1204224,9408.0
aqb_z64_b4,AQB-FAS z64/b4,64,4,256.0,val_target_bpcer_0.020,0.001150962200885,0.9655352091707609,0.9907383136740936,0.9599762947912036,0.9751147516312468,0.9963981659781508,0.0400237052087963,0.0212819354514882,0.0306528203301422,19499,424,1891,45356,xpu,1,224,True,12.854002999592922,12.735750002320856,13.526599999750031,0.2667031484602773,12.854002999592922,77.79677661749957,1102964,12.857129096984863,1204224,4704.0
aqb_z32_b8,AQB-FAS z32/b8,32,8,256.0,val_target_bpcer_0.020,7.242022334607315e-05,0.962929879410451,0.9901868442380568,0.956780324676699,0.9731969860064584,0.995950447277344,0.0432196753233009,0.0224865733072328,0.0328531243152668,19475,448,2042,45205,xpu,1,224,True,13.40787899956922,13.079849995847326,14.592500003345776,0.7678678485328405,13.40787899956922,74.58301197617676,1090580,12.716870307922363,1204224,4704.0
aqb_z64_b8,AQB-FAS z64/b8,64,8,512.0,val_target_bpcer_0.020,0.0003806979871402,0.9701057019502756,0.9919956498096792,0.9652888014053802,0.9784600201669134,0.995189541622775,0.0347111985946197,0.0184711137880841,0.0265911561913519,19555,368,1640,45607,xpu,1,224,True,15.27412000024924,15.107550003449433,17.383699996571522,1.4105819733116152,15.27412000024924,65.47022021456438,1102964,12.857068061828612,1204224,2352.0
ablation_proto,+ Attribute heads + Prototype,64,8,512.0,val_target_bpcer_0.020,0.000614877765381,0.9592675301473872,0.9919103507724952,0.9498380849577752,0.9704184236133636,0.9951957797908852,0.0501619150422249,0.0183707273001054,0.0342663211711651,19557,366,2370,44877,xpu,1,224,True,13.637428000074578,13.44239999889396,15.58140000270214,0.8729172377840729,13.637428000074578,73.32760986855669,1102964,12.857129096984863,1204224,2352.0
ablation_attr,+ Attribute heads,64,8,512.0,val_target_bpcer_0.020,0.0054166869110331,0.9573916927199644,0.9931118764581712,0.945985988528372,0.968976282357022,0.9966250060404366,0.0540140114716278,0.0155599056367013,0.0347869585541645,19613,310,2552,44695,xpu,1,224,True,13.467744999652496,13.255300003947925,15.16529999935301,0.8121011185883902,13.467744999652496,74.25148011235754,1102964,12.85543441772461,1204224,2352.0
ablation_noattr,Bottleneck-only,64,8,512.0,val_target_bpcer_0.020,0.0006868103588995,0.8915438439779664,0.9885330073349632,0.8557368721823608,0.9173539655348452,0.9810319112671664,0.1442631278176392,0.0235406314310093,0.0839018796243243,19454,469,6816,40431,xpu,1,224,True,13.61634300003061,13.361150002310753,15.479499998036772,0.9476499781632336,13.61634300003061,73.44115817277458,1102964,12.832509994506836,1204224,2352.0
aqb_z128_b8,AQB-FAS z128/b8,128,8,1024.0,val_target_bpcer_0.020,0.0016642601764859,0.9069971713562602,0.9865660305705876,0.8797595614536373,0.9301066245986194,0.9847892766731572,0.1202404385463627,0.0284093760979772,0.0743249073221699,19357,566,5681,41566,xpu,1,224,True,13.60822399998142,13.328099998034304,15.849899995373562,1.0254554433472185,13.60822399998142,73.48497496817846,1127732,13.140576362609863,1204224,1176.0
